idx,label,sentence
1,0,oh no! so sorry about your pets..
2,1,you should! i love prison break.i only have till ep 5   .
3,1,i saw some really nice pair of shoess.. couldnt afford em
4,0,hihihi i had fun but my foot is still hurting!  it's killing me
5,0,sourish limbs is preventing me from gg out on a friday. not happy. i haven't been on at 12am for a long time...even more so on a fri
6,0,"aw, i was looking forward to a fight. especially if it's muddy.  i know i'll lose, but what a way to"
7,0,looking for excuses to not work. running out of them.....
8,1,just painted my nails. soo cute! i cant help but feel so much better after a manicure
9,1,band audition for opening mechfest 2016 | 27 nov 2016 | fast studio
10,0,at home  i wish boogie bear was with me. i love you baby girl
11,0,robert pattinson  is ugly and you're hot. there's a difference. going back to bed nani woke me up.
12,0,the ghost for me!sick mornings
13,1,western vintage gold native feather bull ox horn buffalo skull rodeo belt buckle
14,0,the only thing that is worse than being ill is waiting at the dr's
15,1,i am so happy for mark martin!  great race!
16,1,home with kristys parents! sitting in my room with shy waiting to get in the shower so i can wash my
17,1,i hope it will help out!  he's such a sweet boy though...i promise you...u will never forget him.
18,0,i'm sorry.  i pluck hair/rip people's heads when i get pissed.
19,0,aww so u feel my pain huh  i mean i came back up but it's all dunks &amp; forces now &amp; some 1s
20,1,just saw a bus that looks like the one in lost on the islaand!! laying out by the pool
21,1,why telstra why do you are biggest teleco have to be so greedy  we need fast internet and no downloa
22,0,just got done posting a new blog entry:  going to watch john &amp; kate +8 on dvr then go 2 sleep
23,1,ed cross activity charity project  nannpleasevisitphilippinescredit to @nann_fc
24,0,how do we get the login codes? unable to check your site
25,0,just got back from boro livee   who went?  it was good like wasn'nt it?
26,0,just left olive garden and now we're stuck in traffic
27,0,"that is no good at all! although i must admit, i'm running out as well. one bottle and a glass left"
28,1,"ghost dog - the way of the samurai by forest whitaker, henry silva, john tormey  """
29,0,why do you say that about 1976- it's not all it's cracked up to be!
30,1,happy birthday -  i know what you mean - same thing happened to me
31,0,"i will be soooo glad when we have a break in soccer, but if kiddo doesn't make the team, we will hav"
32,1,"a tricky tracky w/ aunt julie &amp; family! fun fun, yay! """
33,1,feeling the same way...nobody will come out drinking
34,0,mmmmh...no!  i don't feel like it ;)
35,1,thanks for interviewing me!   here is the interview:
36,1,"i know! it took a lot of googling, but i managed to make it work! """
37,0,aww . skul tomorrow bunch of school works
38,0,got to spend my morning in the er.  my cat cut my eyelid with his back claw.  had to get a tetanus s
39,1,a beautiful baby boy joined my wife and i today. 7lbs 4oz. all recovering well.
40,0,"did you check with the hotel concierge? they probably have someone on call, too."""
41,1,anything u need to know regarding news of the day
42,0,love the clematis. we have only one or two flowers left
43,1,on my way back from amelia island! i wanted to stay with everyone  boooo on school! two thumbs down!
44,0,ead! samsung galaxy note 5 sm-n920p - white pearl unlocked- parts no power
45,0,just searching for some diy tuts!!
46,0,"this spinnerette record is the devil, bought it on itunes and amazon.de  i fucking love brody dalle!"
47,1,boyfriend thinks im too freaking skinny
48,0,thanks  i hope so. it has novelty value right now which is keeping me going. if i lose some weight t
49,1,grateful for therapists with training in #ptsd who work with #trauma survivors
50,1,update: lidl takes action against travellers 'occupying' old porcupine pub site in
51,0,off to liverpool tattoo convention. hoping to find a decent artist for my next tattoo.
52,1,o that was very rude. i offered to straighten your hair. i think the price you'dve paid would be ver
53,1,"i know, you're so wise """
54,1,"nope, none of them, sorry  have you got the plane or the train?"""
55,0,up since 6am.. ive got uni tonight nd my mates bday party on saturday.. yey
56,0,hacienda heights international celebration of building global citizens of
57,1,just witnessed chelsea winning the cup. o well that sucks
58,0,was playing go on my iphone against a guy in mongolia and my wifi dropped.    i think i was winning.
59,0,okay!  yay wedding gifts! i want an engagement ring though... you gots a twisty tie?
60,1,boooooo... my tubing trip to harper's ferry got rained out  now what am i supposed to do with my sat
61,1,i didn't like coffee until my mid-20s... after a gracious host 'forced' it on me. she 4eva regretted
62,1,"adding first level of polish to walk cycle. should be finished soon hopefully, as render time is goi"
63,1,just love a bit of star trek in the mornin
64,0,i can't focus in this weather.
65,0,i can't get office 2007 to work on my windows 7 machine. the entire computer freezes about 30 secs a
66,0,9 days to see you in  buenos aires
67,1,he art of machine learning in the process of recruitment
68,0,wiebe watch! anyone see the king of kong??  watch steve try to break the record live!
69,0,"despite the fact that i'm bummed about missing e3, i'm actually glad i'm not in la with this sunburn"
70,1,"my kids are taking me to &quot;sweetiepie&quot;, a dessert heaven for mother's day. can't wait to ha"
71,0,"tonight was soooo good,realy one of the best parties !! """
72,1,few the posy have arrived.. bedroom here i come.
73,1,want to work at standard chartered bank? we're #hiring in #petalingjaya! click for details:
74,0,"burlesk! showers tonight at 8pm at artistika, 523 elm st. gso... only $8 in the door """
75,1,"aaah, so tired  eyes burn and make ouchies."""
76,0,very bummed  -   my favorite venue of all time.  glad that it was at 7 am though.
77,0,i just wish i would stick to weekends sometimes. my cold is worse btw.
78,1,"new artwork for sale! - """"glissen at river bends park"""" -  @fineartamerica """
79,1,what's wrong with this picture
80,1,going to dollywood with @brittanyfrazier and ally
81,0,flippin threw the channels ah late nite tv...wtfs on..gonna get a coke...thirsty!
82,1,had a great time at relay for life  good night!
83,0,kimgarst: 15 tops #facebook tools for marketers:
84,1,im tired...still confused..but dealin....at work..trying to get crap done..but not doin' so well...w
85,0,"i fully expected the #nbn fibre to go above ground here, right next to my existing power and phone.."
86,0,"is it assholeish of me to want to sit out infront of my house and play guitar, cause i feel like it"
87,1,david booth @uq_news - incubation temp affects sea #turtle hatchling quality #wch8
88,1,hah. i figured anyone who enjoys a curry as much as me must be ok.
89,0,when u spend five hours learning about jackets at work
90,1,not unless you choose to not show your work on the web
91,0,"indeed, bug  we'll have a blast! """
92,0,you look gorgeous! love the dress and you hair
93,1,find a man who will look at you like how james looks at nadine
94,1,"hey dude, june i think! """
95,1,kristen is baking chocolate chip cookies &amp; i am patiently watching her do it. she makes them wit
96,0,yeah she is a little thick there! yes you will see me saturday. i hope the sun comes out
97,0,nappin' b4 round 2 of work
98,0,"the has gone  walking home, been on the park with lorna."""
99,1,it sounds good.. but keila brought me some foods!! mexican pile on stuff and enchiladas. annnd a coo
100,0,and i love the way kevin acts
101,1,sorry haaha  ithought i still had photos of me on there so i was mistaken
102,0,doesn't want the sunshine to go away
103,1,aww mamas... i hope all is well. get some rest beautiful! muah! holla.
104,1,"thanks for calling me, even though i missed ur call  im fine though. and yea like every1 in seaford"
105,0,offer a chiropractor... my tailbone somehow managed to slip to the right side.  i'm just falling apa
106,0,"i don't know what to do! my 16mos. old climbs over every baby gate, crib, playpen we put him in and"
107,1,"morning. was helping mate in her garden yesterday &amp; now im feeling bit sore, cant even have a ba"
108,0,"tried to turn her profile pic green, but the app wouldn't work. """
109,1,will not be showing face in philly for a long time  sorry reeba
110,0,got a great background from @professorhazard now!
111,1,hahaha im bored -.-
113,0,"thanks for the prayers  &quot;talking to men for god is a great thing, but talking to god for men is"
114,0,sweet! 30 mins in and i've already sold more than last week
115,1,only one more cys concert left  tell me if you want tickets for next sunday!
116,0,"fail tweets: psychology exam tomorrow, haven't revised at all. like literally  this sucks im going.."
117,1,"burton hostile snowboard jacket - waterproof, insulated (for men)    #onsale """
118,0,pub work  lol please go yu no yu want to really haha
119,1,got to love it when the boss asks you to wait for him to come in and it's to tell you how great you
120,0,fathers day is coming up. i wish my dad were coming home for it  gotta wait until august to give him
121,1,made a large breakfast-for me. garlic rice w/scrambled eggs topped w/asiago cheese...yummy. but my r
122,0,"charles just thought i'd drop in and say hi, and whats up. to your continued online success. (presel"
123,1,insomnia? cnt sleep  and tomorrow is exam
124,0,"crap job #1 (ironing done), off the park with ellie now, if she stays awake that long """
125,1,"good morning tweeps!, it will be a fine day today right? """
126,0,thanks ... i'm about to switch so your work is done
127,1,i really don't like missing people
128,0,"obison, joseph salute fox mic operator's toughness after bizarre tackle   #vikings"""
129,0,nothing. @ all.  &lt;want 2 hav fun&gt;
130,0,"my apologies,patience is indeed a virtue im lacking. but im also lacking entetainment which ur cats"
131,1,really wish i was at sherwood right now  hate being ill xx
132,1, spl program in @suntv today at 5pm #devireleaseonoct7 #devigrandshow @pddancing @anj
133,0,i miss my sarah. baby come back!  (fuck bbvag smell.)
134,1,kissing both of your hands ~  have a great day.
135,0,so off to tesco instead to be treated as an inconvenience.
136,1,date with @chelseafc insert @paulene_lacson *  #vscocam #vsco
137,0,winenvinyl: the groove continues tomorrow√¢¬Ä¬îafter party at kensington roof! free 10-12am for w&
138,0,not a damn thing on tv.. lol..a 1000 feckin channels and nothing on .. lol..thank god for books
139,1,enjoying week-end  though the music of school graduation ceremony is annoying...
140,1,ayla_f heh -- i like 'em!  now i'm getting all wiggly with excitement. *g*
141,0,f**k! one of the best apartments in bcn just got taken...
142,0,omg.. i hate stepping into a shit hole..
143,1,ahhhh..my boo is callin me! lol..&amp; 2 think i hesistated cause these are..&quot;booty call&quot;
144,1,"made it to houston, now watching nicholas cage movies """
145,0," london, friday night, when you walk home after work √∞¬ü¬ò¬ä could this make you thin"
146,0,tired now  and my sunburn hurts. gonna go to bed soon one i've decided what to watch!
147,0,birmingham new street has long been my most hated train station. i don't l
148,1,"on my way home now, walking as battery flat on car this morning """
149,0,post a complaint about the teacher at www.teachercomplaints.com  tell your friends and other
150,0, yeah for you since you got my man's number!
151,0,"i know, sorry! i was supposed to drop off your computer but time really didn't permit"
152,1," cool, well have an awesome week and maybe i'll see you around soon """
153,0,"donald trump debate fact check: isis oil, the facts vs. trump√¢¬Ä¬ôs claims  """
154,1,happy birthday gracie kay!!! 2 years old today!
155,1, i'm sooooo stoked forthat 16 hour van ride with all you boys though! you know you love it!
156,0, i love the smell of laundry but that stuff is giving me a horrible headache and i'm
157,1,expanding in the reproductive technologies space  -  $htl.v @hamiltonthorne @anitadushyanth
158,0,leaving town with @lizprc's cell charger isn't the best way to say thanks for a nice weekend away. b
159,0,"sun shining, listening to awesome music... what better way to start the day! """
160,1,simplymallory direct message me and ill send it to the address
161,1,thewayforwards is 1 of my favourite tv nights  trying not to spoil myself for songs 'cos the ones i
162,0,"bulldog game tonight, medieval times and angels game tomorrow! fun packed so-cal weekend with the b"
163,0,teamusa: one last medal stand moment for #teamusa! ???????? ????#thankyourio
164,0,trial of new signage in colonel light gardens for community consultation.
165,1,sitting at desk...gazing out the window and wishing i wa sout there instead of being stuck indoors..
166,1,beyond tired. wine would be so good right now. wine &amp; a cigarette
167,0,digitalmaverick i think @playcom lists minimum specs for the sims 3 on mac/pc.
168,1,  i would be soooo pissed...you all who paid $$ for the cruise should not have to pay!!!  sor
169,1,my life is really about to begin. high school was actually a good time in my life
170,0,ail piece gold tune-o-matic bridge for lp stop bar guitar parts
171,0," ok im just saying you are really like putting all the blame on me. chill out please,"
172,1,i'm excited to go to turkey in july. i can't believe i have no more maths
173,1,"oh, but don't get me wrong, the kids i am baby sitting are great! ones a kinder, and ones a first g"
174,1,"just added the greatest link building property to the new site. sign up now at  for a discount, lau"
175,1, #merseybiz august prize draw :croots rosedale cartridge bag #horseandhoof to enter r
176,0,france bring in trio ahead of november tests
177,0,shinee's onew and dia's jung chae yeon to travel to kudat for new tvn variety!
178,1,also at pa a producer waz supposed to look at me fo ra movie called the hollow tree.. he didn't show
179,0,"what type of engines are used on a cessna citation type x - bugger, this isn't a google bar. """
180,1,has got tesco finest white choc chip cookies
181,0,just got 3 shots and they hurt!
182,1,dawnrichard have an amazing time with your mommas tomorrow! show them how much they mean to you  wh
183,0,"tommcfly *------* u wrote a song in brazil, we inspired you haha, goodnight """
184,0,fredamooncotch what are the requisites for being an alpha woman? i want to be one!
185,1,digdan well that was a waste
186,0,margotana i already commented on your pictures  now i can't upload on fb ... grrrrr
187,1," for sure! me too! day ok, work crap, but it's all behind me now. i looooove ebay """
188,1, i found that interesting ..uw
189,0,rizzotees just dont bite the bug that bit you my friend. i hope you feel better. have some gatorade
190,1,wo person corner steam shower room.bluetooth audio.6 year warranty.
191,0,just found out my sister is going to the beach.  like on the atlantic ocean and such...   she trumpe
192,0,"just came back frm the dentist, wow my mouth is feeling rough, i can't feel a thing! or taste at th"
193,0,they're also on twitter themselves. hit up @ tweetmygaming!
194,1,park with diesel then the sims  texts are good.
195,0,i only seem to get web marketing &amp; other marketing/onlyne sales people following me.
196,0, a memoir - this month last year - dec 2013  #thelifesway
197,1, [official] 160824 actor_jg instagram update with baekhyun
198,1, hey bro...i'll trade u a signed iverson 16x20 photo for a signed game issued jersey. #
199,0,blue by midd knight (nate j)
200,1,o i am disappointed that the never mind the buzzcocks episode im watching is an old episode  make s
201,0,mirella: roland! jezabel needs a pickle from her apartment to be brought over to her work. start up
202,0,uk rating for transformers 2 does not appear to have been decided. hoping for 12a. my nearly 6 year
203,1,majesticflame ouch - sounds very sucky
204,0,facebook why you need to build an email list #mlm #networkmarketing
205,1,wow wow wow - i go to 'sota in 3 days.  i can't wait   such a pleasant surprise when things like thi
206,1,"if the breakaway f1 does go ahead, i'm worried that sky are going to buy all rights to it. seems li"
207,1,"happy birthday, jeff!!!  fattest cat everrr... """
208,0,just got the 12 year old boys to bed (fort of blankets &amp; chairs in basement) now its my turn.  g
209,0," thats good, i read your posts &amp; im informed,.... your in the game, so i do think yo"
210,1, your still whack!!!! kobe best player in nba!!!
211,0,"bonus sent via dm, will slip you the package next week """
212,0," ah, ok  thought you'd qualify my conference tweets as 'weird' as well."""
213,1,"ate garden greens, piece of chicken marsala with artichoke, a small slice of foccacia and a mini-br"
214,0, awesome!!hehe i'll go check it out!!thanks ma ladeeeeh!
215,1," hi renee b, heather o here.   @sillycows asked if i knew you. """
216,0, the river level was 0.26m. more info
217,1,"awe, that sucks. good luck! hope you get in. """
218,0, mc jammer? lol   how was the caffee tonight?  looked nice!
219,0,okay! im feeling good! got a start on that home-work! finallyy!
220,1,"willadam *he he* you know i didn't mean that, it's such a random time in business, but your kids a"
221,1,rump opposes federal involvement in education. but do his plans ensure a 'race to√¢¬Ä
222,0," okay i know who i am not calling, lol """
223,0,dwighthoward magic deserves this.  and it must have been really overwhelming. keep your head on th
224,0,"mommaude no, he didn't, but i'm dying to find out!! """
225,1,heart of the ocean-new mermaid art  for fae's ocean fantasies show
226,1,"i think the fashion show is a project runway knockoff, and seriously lower classed """
227,1,todays is katie's birthday. this is what dad got her...(for the weekend
228,0,thank you so much for the #followfriday love  @taigacompany @delamina @windyhill @ecofashionista @rt
229,0,a famous song about sauce
230,1,now i am watching terminator 2. i love chick flicks
231,0,"aw, i hate seeing people so upset..... """
232,1, grace &amp; i at the barry m event! √∞¬ü¬í¬ã√¢¬ú¬® #bmbeautcamp
233,1,just got my butt kicked by bob the trainer on wii fit.  oh well..i need to get back to a &quot;norma
234,1,thanks girrl! hope they come to their senses... *sigh*
235,0,i can't imagine you using anything other than a apple product
236,0, i know!!! no  i found it online lol.
237,1, ahh! boo! that sucks.  haha come here! lol all of our providers have contracts with t
238,0, lax .... on dec 15th ... then a few days in la to kill before heading home
239,0,check out the hollister vibe 2016 playlist on spotify!  √¢¬Ä
240,1,vickaay i know rite  but they r havin fun in da sun in hawaii!
241,0,egospelhub |  music download: kelar thrillz x oba reengy - yarb [young√¢¬Ä  via @praisecampers
242,1,you're all that matters to me and you're just gonna throw me away  well i hope you're fucking happy.
243,0,"reblippin @palmer_eldritch - i love queen bitch, second favourite bowie track  ? """
244,0,moving sql databases around is fun work. you all should try it!
245,1,"  and plus, in hell you can probably have a flamethrower, and you can shoot it at the"
246,1,yummm jack in the boxxxx bored as fuuhhhh. i dont wanna go to school tomorrow. but at least its a 3
247,0,"""@liongali, @sogooey, and @blinktwice4y are coming!! """
248,0,immutable.js: an introduction with examples written for humans  #webdev
249,0,"dubtown parking lot hangouts never let me down  good to see you kiddies, as always!"""
250,1,gettin my cardio on right now. walkin to the train station awww i so miss the gym
251,0,2bb likes the noises that puzzle pirates makes
252,1, i was going to come out for that but i have a wedding to go to that day.
253,1, todays your birthday!?! happyyyyyyyy birthdayyy!!
254,0, cara delevingne for the cover of the new issue of 'ststyle' also as part of the #ladyg
255,1, but you're going to be the only one with the willpower.. because i &quot;ate&quot; all
256,0,welcome home my macbook  !! it's back from the apple urgent care haha.
257,1," lol well duh.don't be bored,theres always twitter  lmao"""
258,1,just for you @loz62 @theengteacher @pinkberrygirl @monicks @chriscattaneo @blackberrychick
259,0,4-yr-old threw some tiny toys out our 9th floor window by accident and was bawling. looked in the sh
260,1,  thanks 4 making me feel like i'm losing. it don't matter cuz u was here way b4 me and i'm ca
261,0,live from the edmonds waterfront festival
262,0,ops i forgot to tweet 26 length at the pool yesterday...650m....loads of room for improvement
263,1,at home  in my computer chair listening to the 89ers boy
264,1,enjoying a fresh mango bubble-tea slush   but still at work
265,1,"""the middle finger on my right hand is hurting right now, i had a small accident with a nail clipper"
266,0,"""whew! macapagal road, clear from traffic... hoping to be home before 8pm... sorry kids. """
267,1,",@cpritch &quot;yesterday's adventures&quot;?? do tell .."
268,1,",unisex case logic black solid laptop briefcase"
269,0,",""@dennisdoomen what? can't we, as alternative, invite some people of our own and get a beer or somet"
270,1,",""@spazzyyarn no bed, how long will you be up? like 20 more minutes at least? please  :*"""
271,1,",@rockofages  - exciting! sending positive energy your way and can't wait for tonight!"
272,0,",soon is the end of the work day so we will drinkat' some vodka later"
273,0,", @orlandocitysc: your starting xi for tonight's match. kickoff is at 7:30.tune in on @wrdq27."
274,1,",""@lizacious to answer your question like forever later, i'm writing my first novel """
275,0,",ooh my gosh...i jus got a txt from my x....wat do i do......."
276,0,",i never seem to have any time anymore."
277,1,",ela teachers @sandersmiddle55 planning for rigor and relevance in the classroom #allhandsondeck"
278,1,",@glav sweet - i'm working on something similar for an app at the office - might pick ur brain"
279,0,been a boring day so far...
280,0,",ohhh nooooo eddie jordan signed with the 76ers....who are the kings gonna get then?"
281,1,"""@iantalbot sion and sierre are very close about 20 km, about a 110 from where i live .  no comment"
282,1,",""@heidimontag my morning was beautiful too, until i have to look at your ugly face at twitter """
283,0,",buy deals &gt;&gt;  #3340 #8093 total life changes health kit **free shipping**"
284,0,",pornme - modernes all in one erotik portal ! #porno livecam &gt;&gt;  &lt;&lt;"
285,1,",@mileycyrus  - u  look so pretty love ur hair. and the piercing rocks you own it"
286,1,",@mrscole the ice cream in the place was all melted"
287,0,"287,oye really need to get to bed soon! morning will begin as early as 630-7am!"
288,0,",@anmnlutwysdt some of the compilers are missing or 'un-known'. it's pretty much fixed now"
289,0,battlenet is having a black friday sale and my eyes are on this √∞¬ü¬ë¬Ä√∞¬ü¬ë¬Ä√∞¬ü¬ë¬Ä
290,1,",@mizrik lol! i know but she knows i love her"
291,0,",can't wait until rove next week"
292,1,", @positivitycth: calum by the pool √∞¬ü¬ë¬Ö"
293,0,",i'm gonna take a cold shower and then back to hell at work....the sign room"
294,0,",working on a website for my dad's job"
295,0,",""busybeagleyoungshady2000 (xbox 360 (th6oh)) resumed game of thrones - blackwater (s2e9), 27 minutes"
296,1,",i just lost something that was in my hand. who does that? im seriously not joking i need help. this"
297,1,",just saw the new video from the jonas brothers.. awesome!  / famlily day. -.-"
298,0,",""after reading some of the comments to @mrskutcher's twitpics, i feel less stupid """
299,1,",eating salt and vineger chips that are really vinergary its burning my mouth!"
300,0,",""@nicolehainey23 dont think you need tix, no but the premier is in novemeber init..when we are on to"
301,0,",sad       just failed to buy a late ming dynasty tibetan gilt bronze green tara statue     oh well -"
302,1,",a quarter of british homes subscribe to netflix. the firm has 13 employees in the uk."
303,1,",tmz is a show i love watching  hahaha"
304,0,",@adelgabot i've got the iphone version. it's worth it"
305,0,",@farscale obviously i couldn't say anything mean to you  *mutters* stupid fucking bitch"
306,1,",@harryrhamilin - oh i so hope you get it! saw you briefly on harpers island you were great - part to"
307,1,",things iphone 1.3.7 wifi sync is broken"
308,0,",@cgsmoove  &quot; whats good wit ya ..whats poppin yo?&quot; lol"
309,0,",having a big migraine and have to be at school all day for judging the hairdresser exam.. this is go"
310,0,",@gfalcone601 my lil sis says you look like kara dioguardi"
311,1,", @goddess_lawson: just a sample of some of the exclusive pics on my sc. info in pinned tweet. @rtdum"
312,1,",had to turn of notifications when people follow me.   which sucks because i won't be able to recipro"
313,1,",@ticklemesavi i do have that effect on the ladies"
314,1,",""@lovebaroness i have a youtube page, i'll be your second. i have no videos of my own though. """
315,0,",""with 43% certainty, i think this is image is a: redshank """
316,0,",esplar sneaker in goldavailable for online purchase:"
317,1,",my sister quincy is sick. shes been throwing up and isnt eating much. mommy &amp; daddy are worried"
318,1,",home storage ideas for under√¢¬†$100"
319,0,",oh... i can't find this perfect outfit for today :/ but i have to run now... i'll be back... about 6"
320,0,",so happy i got to see him tonight!! he makes me happy even when he's being an ass to me haha"
321,0,",i want to go for a bike ride. wish my body wasn't so invisibly broken and getting in the way of comf"
322,1,",digitalsync_ rt: was there a google search update on november 10th?"
323,0,",""loling at the jeep/chrysler arnold you-can-do-it tv ad, nicely done """
324,1,",@ashfoo i know  but someone just told me that there is a free version only there are some minor adve"
325,1,",oh no the mums put 'im a celeb get me out of her' again........i hate it"
326,0,",@marioaquino it's nice when u don't have to work"
327,0,",somehow i ended up at pinkberry!? wasn't i supposed to be in bed?"
328,1,",@selenagomez yay demi on dancing!! wouldn't miss it!"
329,1,",@postalguarelas @irenerencsi thank you both!  feedback on writings welcome !!"
330,0,",rump supporters launch #trumpcup to protest starbucks --"
331,0,",how about these season tix  @nhljets √∞¬ü¬ë¬ä√∞¬ü¬è¬º√∞¬ü¬á¬®√∞¬ü¬á√∞¬ü¬ë¬ä√∞¬ü¬è¬º"
332,0,",√¢¬ô¬°√¢¬ù¬ß assorted toy diy polymer clay 24 pcs hot kid new mix craft fimo effect blocks t"
333,1,",""reading avalon high! hah, i'm surprised """
334,1,",""@atraz omg why !!!! are you okay? what hospital, ill try and come  i have exams ughhh keep me updat"
335,1,",lets all pause and pray for the victims of the air france tragedy.."
336,0,",""#iphone given up trying to download the new os, authentication server down """
337,0,",@_the_director i am so pleased w/hillman. he gets my vote to stay a while. he's done some great thin"
338,1,",allishop 10pcs 5m pink el wire rope tube neon cold el wire +12v controller"
339,1,",@figlancaster just helping where we can."
340,1,",is he my ex? or probably still my bf? idk"
341,1,",new trader joes opened in redding. i no longer have to drive hours and hours for 2 buck chuck!"
342,0, @relsqui learning to. had a test on 26th may but i failed it  so now i gotta spend even more money.
343,0,",@cruleworld we all make mistakes.  at least you won't miss it by mistake"
344,0,",i just finished first season six feet under"
345,1,",apparently ive lost quite a few followers"
346,1,",i want to go to sleep. i should probably workout instead."
347,0,",my fiance is super sick.  but my twin is planning my bridal shower. so excited!"
348,1,",i want nick to come home already  i hate being alone when i'm sick"
349,0,",@taylorswift13 yay! what are your plans for today? i'm seeing you wednesday and thursday"
350,1,",i feel like finding a cave and hiding. i'm over it.  make me happy?"
351,1,",just wants to be everything he wants."
352,1,",see be eh with work today"
353,0,",me and @miszteenababy just finished watchin not easily broken... that movie was sad... it makes u th"
354,0,",@djschnitzel i wish they delivered to the uk"
355,0,", @afrogumofficiai: when you're home alone and you hear a noise √∞¬ü¬ò¬Ç√∞¬ü¬í¬Ä"
356,1,",--on the phone wit my president....  i was waiting for this phonecall all day...lmfaoooo..."
357,1,",heading to winnipeg to shoot carmyn + james' wedding! horrah!"
358,1,",#theweeknd the weeknd releases two new tracks from his forthcoming album  √¢¬Ä"
359,1,",feeling sick.  wont beupdating the fanpages till wednesday. remember kendra permieres tomorrow at 10"
360,0,",hates that texas gets so damn hot!!! it makes my work the hottest building in the world! wish i coul"
361,0,",ural style cotton moon tree table cloth / cover 0.3 m x 1.2 m"
362,0,",just thought i would let you all know the most agonizing thing about waiting for a jailbreak - no mo"
363,1,",@medlei123 ms banks headlines + a fire line up top djs @ the after party"
364,1,",hey guys!  it is pouring here!  i didn't want to get out of bed today...studio is probably going to"
365,1,",i miss my yiayia and papou"
366,0,",i refused the offer of going to china town in the city cos i rather listen to emma lol"
367,0,",""@fetalmind17 i hope my sacrifices pay off big time,need a job badly """
368,0,",wwii army uniform merrill's marauders jacket &amp; pants"
369,1,",just boook beyonce tickets for novemberrr"
370,1,",dammit! i just deleted all the tweets i had on my phone from my gorgeous sick-nap!  fail."
371,0,",@crucifire lol you need to know mallu (thara mallu) and a bit of spoonerism skill to get it"
372,0,",@mcclorybrin  aww i was sleeping untill mom woke me up   sweet dream of me"
373,1,",@fallenfrommars there are cqc on diff place in the world! it's a great show"
374,0,",it feels so much later when it is only 7:30"
375,1,",just ate a sammich with like a million slices of tomato on it. i'm going to die of heartburn in abou"
376,1,",@satinespark of course  top 5 at all times"
377,1,",the food in the oven is still frozen. seems i have to advance the clock from flashing 12:00 to make"
378,0,",""in trump's america, this will be abolished. """
379,0,",#500px select #photography : olympus digital camera by ravenandwolf  |  #followme"
380,0,",presidential debate: clinton puts trump on the defensive"
381,1,",""i got 100% on my ethics course!  yay, i'm ethical!!    now i just gotta pay $230 and i'll be legal"
382,0,besties. if only @ddlovato was there.  on twitpic:  - my besties. if only @ddlovato ..
383,0,pilate smommy no! i hate the bag of junk. do not waste your money on the little plastic garbage  and
384,1,",√¢¬ô¬†√¢¬ò¬Ö precision scientific inc coliform incubator water bath laboratory"
385,0,",andante shoemaker @andante_shoemaker picture courtesy of @andante_shoemaker #bespokemake√¢¬Ä"
386,0,",i had a bad fall last night - basically face-planted the road - and now my right knee is killing me"
387,1,",""in my dreams, you're the one who keeps me asleep on nights where i can care less if i woke up again"
388,1,",a porn star is following me on twitter"
389,0,",""free 30-day trial of amazon's catalogue of a million+ music and video tracks, shows and more  """
390,1,",""""""@davewilkins12: mt. corruptmore  finally,we have some democrats on the mountain side"""
391,1,",just had a great impromtu meeting with a this lady from nbc who starting her own art projects in bk"
392,1,",@lliswerryguy i would but you appear to be trying to reboot software"
393,1,",@metaglyph poke! im watching the end of my tv show.. its almost over.."
394,0,",still working on the same web site. almost there the next one will be so much faster  drupal + uberc"
395,0,",@hotlilly happy to hear you dog came home"
396,0,",i wanna put their song on here but i cant!  scary 80's rock music! my uncles old band!"
397,1,",""happy father's day, papa! i still miss you... """
398,0,",""strikeforce &amp; then yahel. yes, it's gonna be a very good night! cell's hot as always """
399,1,", @secret_2message: @jmohadreda you have a secret message√¢¬ù¬§√∞¬ü¬ô¬à"
400,0,",""@jonasbrothers hey jb..i think you should be coming to monterrey,mx  it's sad you guys changed the"
401,1,",""first practice in the bahamas. (this is a practice court, not where the game will be played) """
402,1,",""rt @ubringmejoi rt @kaangie you think the positivity helped @iamdiddy ?&lt;---yeah, but give it to"
403,0,",i love boat houses!  cary grant and sofia loren would approve"
404,1,",my 1 year old had a poptart for breakfast. bad mommy"
405,0,",""@seanbonner clarification:  when i say, &quot;dumb,&quot; i mean the fact that a progressive state"
406,0,",""you know, i always thought twitter would help me find my next boyfriend. sadly, social media does n"
407,1,",@brandonbowers i hear u! it used to rock."
408,1,",@jesscathcart i get back the day before term 2 starts lol 5th july that is i think  wish i was back"
409,0,",genoa freestanding ventless ethanol fireplace. tempered safety glass and black m"
410,0,",@amyyvee there we goo  okay. major explaining to follow."
411,1,",@freed_dimarzio depends on your understanding of winter. it's cold enough to have to wear a jumper."
412,1,",yay! fark is back.  now i have to leave for the afternoon"
413,0,",@cameronfrye it's a lose-lose for the octopi: wings fans wants to smash 'em on the ice &amp; pens fa"
414,0,",just heard &quot;yayyy!! you did it!&quot; when she walked out of the bathroom. bryce is stoked i us"
415,0,",@lbwvu @twityankees theeeeeeeeeeeee yankess win! ah that sound is music to my ears!  followed closel"
416,1,",""@redsheep okay, if i bump into him at the lift, i shall twittervert him.  we've got two big bosses"
417,1,",so i was craving golden chick. was hoping charlie's chicken was just as good. definitely not."
418,0,",""@lifeontheedges hi!  i'm back home. waking in the middle of the night like i did during reunion wee"
419,1,",my guinea might die   im very sad"
420,0,",@ficklampa isn't msn in this case a lot easier? hahaha!"
421,0,",""@thisworkinglife ideally, i wanted them to join twitter &amp; ohs community in the training room """
422,1,",""@ravenvol i'd blame twitter on that one. it isn't greatly helpful with its tips sometimes. anyway,"
423,1,",""having a really productive day in the sweatshop, but missed out on the sunshine """
424,0,",hahahahahaha lakers baby!!!! big ups to all the haters!!! im tooooo geeked!!!"
425,0,",ugghh that nap was the worst thing i couldve done!"
426,1,",""rut roh, grandpa ron got a speeding penalty. """
427,0,",@jason_a_w errr...by q'ble...i meant questionable. not quotable. you're very quotable. damned twtr a"
428,1,",just woke up. it's soo cold outside  i wanna go back to sleep"
429,1,",hula formal grey fabric left hand corner 5 seat sofa storage footstool rrp √¢¬£1479"
430,0,",""bought myself a new top, new pair of shoes and new pj's...why do i always feel so bad spending $ on"
431,0,",at work and can't watch #e3 conference!"
432,1,",""just had his ultrasound taken, waiting for results is so agonizing!  hoping for the best!"""
433,1,",the chance of getting into the same middleschool as my old friends in usa is very slim. im really st"
434,0,",hey @x17online we got really loud screaming guy on the right   (x17live live &gt;"
435,0,",""@emanazrin right?! the academy is, okay only lah, for me. but anberlin, woot woot! how's the nasi l"
436,1,",@parishilton_fan ahaha really? little bitch! you better start thinking up a name for me  or you'll b"
437,1,",@winenfriends that works in bentonville too  enjoy!"
438,0,",doing the same goddamn stupid thing that cyan did with uru: playing favorites with nyte... like he's"
439,0,",so cold. d: drinking tea.  headache. d: new shoes."
440,0,",so tired. going 2sleep early. so happy tommorow's friday. hopefully an easy day. 10 days left! @kays"
441,1,", @rt_or_fav11: √∞¬ü¬í¬´ character appreciation tweet: sameen shaw √∞¬ü¬í¬´#personofinterest"
442,1,",""@michellezen i knew that, jus givin u a hard time hehe """
443,1,",mail from yesterday slid under my door - $10 gift certificate for bookmans! yippie! got it for not d"
444,0,",""huge 75+ pc lot monster high dolls, accessories, carry case, sketch portfolio  """
445,0,",it's really humid and hot here"
446,0,",""@ishamay i mean tomorrow. ) haha.. kay. ohh, wait.. i have to do something.. i think i'll be back i"
447,1,","" @themfanyikazi: @adelleo @shaffieweru #teamshaffie  #votejuliusyegosoma on  or through sms, send 2"
448,1,",forgets how much i miss ricky sometimessss"
449,1,",""@ana2008 hello my little ever ready bunny, i was busy yesterday, how are you today """
450,0,",it would seem the answer is no  i cannot claim my twitter feed with technorati"
451,0,",@lindsaylou21 i love you more!  thank you for the hug"
452,1,",""@hanaames but he was funny, intelligent, handsome. i must be gay, surely. but then i just wish he'd"
453,1,",""@tommcfly i wanted you to be all mine too.  just kidding! lol, where's harry? i wanted him to be al"
454,0,", #shoes cat watershed waterproof men's boots - black - all colors - all sizes"
455,1,",i cannot understand my 2 year old  she needs/wants something + i don't know what it is. she's crying"
456,1,",obert parry | the nyt's neocon 'downward spiral'"
457,0,",just had a generator connection application taken off me after a year of work - was due to be finish"
458,1,",""plumbing museum program supports art, industry in watertown  via  """
459,0,",""finished church 4 the day - now for more studying, first exam tomorrow """
460,0,",@fairysarie  - very clever  love it!"
461,1,",after xx's blog entry i think i might get a bb as well!"
462,1,",awww poor little girl on britains got talent"
463,0,",@littlemissnat check out nars as well. but nails inc have some yummy colours"
464,0,",√∞¬ü¬ì¬∏ dan has the warm up underway at mansfield."
465,1,",i'm reading ashleigh's poem in the class mag.  ashleigh is my very good friend. i hate the magazine"
466,1,",""october 2, 1982:accept released their restless and wild album. """
467,0,adaripp um ya so i basically didnt even rotate it haha  owell next time haha
468,0,priceless-best enjoyed with your best friend
469,1,"""tried her first ever glass of almond milk, wasn't bad, not my favourite, but will drink it again."
470,1,"""just a pity i dont have a data plan, that cost nearly 1 euro """
471,0,",@nostreetrader it was 22 hours ago.. cant really remember my original post  sorry.. $$"
472,0,",c9965 tiger eye &amp; 925 silver overlay ring us 7.5 gemstone jewelry"
473,0,",my first tweet via blackberry curve!"
474,1,",i love how #twitpic isn't letting me login."
475,1,",@moose80210   sweet !  that's what im talking bout ~ so glad he is back ! happy 420 !"
476,0,",carting a wheel barrel full of sand/gravel from the garage to backyard is tiring... and it's warm to"
477,0,",""is home again, after a week away """
478,0,",@lordjamar ur not a stereotype! it's good. i don't like watermelon or chicken."
479,1,",star wars prop darth vader leather body suit tailored size 3 pcs  #starwars"
480,1,",@kevjumba i can feel your pain i went to texas and left with 15 on my arms and legs..the one on my w"
481,0,",@cutestmidget yeah it must be a b'vais special  because b'vais is very special!"
482,1,",@30secondstomars have a good luck guys  that cd going to be awsome :]"
483,1,",""@mcgrewsecurity hehe, handy fact to know! """
484,1,",#travel #photography #photooftheday #travelphotography : arches of patagonia by anatolyberman"
485,0,",@tommcfly hi tom  do you know that song  would i lie to you of charles &amp; eddie ? and did you lov"
486,0,",@natvf just realised... we should go paintball-ing sometime soon!  (after exams ofc! -mine end in 3"
487,0,",nutanix: advanced vm placement intelligence: allows your vms to focus on running workloads"
488,1,",normally√∞¬ü¬ò¬≠√¢¬ù¬§i'm voting @fifthharmony for collaboration of the year at the #amas"
489,1,",: larrykim: 5 competitive advertising strategies to outsmart your competition  √∞¬ü¬ò¬à√∞¬ü¬ô¬Ü"
490,1,",why won't safari 4 open pdfs in the browser?"
491,0,",""oh btw, i am soo happy i that i got to see the awesome animal in my icon while in ca!  i shall post"
492,1,",""@denise_richards how was it last night?  have a nice day and take a kiss from me. love's you, your"
493,1,",watching little miss sunshine..i need sunshine"
494,0,",@modeltypestatus haha guess we just have to see"
495,1,",""miss my amy &amp; scooty is crying  in west palm beach, fl """
496,0,",@slackadjusterr i love that song too. creed's pretty awesome..sometimes"
497,1,",@andysimcox puppy rescued after being flushed down toilet. always wondered what had happened to our"
498,1,",@sharonrocks96 but there are many issues goin' on abt them"
499,1,",trying to finish this english.. only 20 lessons to go! then i'm good until i get back.  if it works"
500,0,",breaking: barack obama speaks about fox news√¢¬Ä √¢¬Ä¬úgoing to pay a price√¢¬Ä¬ù"
501,1,",i assuming you got an iphone or ipod touch? its the best twitter app everrr! you'll never look back"
502,0,",""@handymantrainer actually because of the several updates you have daily, i find them all interestin"
503,10,",""@monicks dance group called diversity monica, and they defo deserved it! mesmerising self choreogra"
504,1,",@likcease nothing much...aleays on twitter late lol what about you love..what you doing up late? lol"
505,0,",listening to @chriscornell &quot;scream&quot;! love it. you really need to get it. go get up and go"
506,1,",i've decided i'm going to start watching whale wars. what a sweet looking show"
507,0,",""swimming with dolphins- check, and awesome! brad majors crotch in face- also check, and considerabl"
508,1,",@cellunlocknet ahh yes i dont see you connected with us"
509,1,",""@joyarogers i remember the same thing about you, lol, just being so silly tonight sorry """
510,0,",""- @slashhudson you tease, i wanna hear the tracks!! """
511,1,", @osquieroatodas: ???? hundreds of free camgirls  ????√¢¬ù¬§√Ø¬∏¬è make huge money on cam as model"
512,1,",@tizer45 she looks a bit dead until you open it up."
513,0,",""@kay_mo nice and tender, nice and tender """
514,0,",had a good day all up.. even though i crashd ma car. thanks everyone for sticking round. ur all grea"
515,1,",harley late 1983 shovelhead big twin piston rings +.060 over size"
516,0,",@imcudi so how was the movie?"
517,1,",""i need a new twitter app, this one doesnt alert me when i get a reply """
518,0,",@johna404 just working on my first cup so far"
519,0,",@amarie2209 you dont respond to me"
520,1,",√¢¬ú¬®√¢¬ú¬î????????defeat the ghost for me! ???? ????dj apollo????√¢¬ú¬â????????g:"
521,0,",i was outside for like 45 minutes and i am burnt. and i missed half of the songs remembering sunday"
522,0,",@marteyo just find amusement in it  thats what i always do. haha."
523,0,",ix  new orleans saints @ atlanta #falcons- january√¢¬Ä  #tickets #nfl"
524,1,",""archatlas:93 reade st. renovation in nyc 93 reade st. is a 10,000 square foot loft renovation and p"
525,0,",""it has been 24 hours now, since i had my dog put to sleep.  rip my old friend. """
526,0,",@media_molecule thanks for the greatest game ever"
527,0,",i'm soo tired &amp; my foot hurts  i love bsb!!"
528,1,",i know this is going to sound lame but can i follow myself? why is that even an option?...hope this"
529,0,",""@pink hope you show goes great tonight, can't believe i'm missing it! """
530,1,",""@jonasbrothers  - i really wanted to watch, but couldn't i had sats today! i saw natm2 last night t"
531,0,",""in the betahaus caf√£, drinking a latte. happy to hear some dutch around. """
532,1,",""@jameslocke230 if u have sky telly, but don't have sky sports, u can see highlights on s4c at 9:45p"
533,0,",now playing: `senza mamma by puccini -  - buy it"
534,0,",just used my last free frappe coupon    they are so tasty and getting them for free was awesome!"
535,0,",really freaking out today. dont know why  and really wish i wasn't. why does the real world have to"
536,1,"cantanta yeah, i cried a lot too. it was horrible, but still amazing! """
537,1,",i can't believe i have to wait for friday!"
538,0,",has a flat tire again!...not happy  d.h."
539,1,",deals :  #26632 #0353 silver fleur de lis crown w/ loop genuine black braided leather brace√¢¬Ä"
540,0,",@therealmrriley t'aww js fink of the mint new material on ur myspace its amazin!  xx"
541,0,",for booking call us now +971553327094 visit us"
542,1,",i can't    only complaint w/ nambu so far."
543,0,",""@mattkelland meh, she's ok imo, but nothing special. like you, that's the first thing i've heard he"
544,0,",""im a hypochondriach, every not so little thing makes me positive im dead.  i really am much more po"
545,1,",hey tweeters good night and god bless you  @robkardashian hope u sleep well in ur new room handsome"
546,1,",""@guitardragon well, aren't you having a lovely time! """
547,0,",@a_n_g_e_l_i_n_e just overworked but thanks.  and i love when episodes repeat overseas.  bring on th"
548,0,",caramel macchiato to pep me up. i hate it when the sun shines but the wind is freezing"
549,1,",@ashtonteal that's so sad...shes from back home"
550,0,",i've mayo blood so the flag is flying high in the kingdom. #mayoforsam"
551,10,10 of the oldest cities in the world